order,flow,screen,file,next_action
01,로그인,소셜 로그인,01_AUTH/01_social_login.svg,terms
02,로그인,약관 동의,01_AUTH/02_terms_consent.svg,profile
03,로그인,프로필 설정,01_AUTH/03_profile_setup.svg,signup_complete
04,로그인,가입 완료,01_AUTH/04_signup_complete.svg,home
05,로그인 예외,기존 계정 충돌,01_AUTH/05_account_conflict.svg,link_or_switch_account
06,로그인 예외,소셜 인증 오류,01_AUTH/06_social_auth_error.svg,retry_login
07,홈,홈 대시보드,02_HOME/01_home.svg,extract_saved_course_or_my
08,장소 추출,Instagram 링크 입력,03_EXTRACT_AND_SAVE/01_link_input.svg,review_extracted_places
09,장소 추출,추출 결과 검토,03_EXTRACT_AND_SAVE/02_review_extracted_places.svg,choose_collection
10,장소 추출,저장할 보관함 선택,03_EXTRACT_AND_SAVE/03_choose_collection.svg,saved_or_place_detail
11,저장됨,카테고리,04_SAVED_LIBRARY/01_categories.svg,category_map_or_place_detail
12,저장됨,내 보관함,04_SAVED_LIBRARY/02_collections.svg,collection_detail_or_create
13,저장됨,새 보관함 만들기,04_SAVED_LIBRARY/03_create_collection.svg,collection_detail
14,저장됨,빈 보관함,04_SAVED_LIBRARY/04_collection_empty.svg,add_from_saved_or_social
15,저장됨,보관함 상세,04_SAVED_LIBRARY/05_collection_detail.svg,map_or_course_creation
16,저장됨 지도,카테고리 기준 지도,04_SAVED_LIBRARY/06_category_map.svg,place_detail
17,저장됨 지도,보관함 기준 지도·목록,04_SAVED_LIBRARY/07_collection_map.svg,place_detail
18,장소,장소 상세,05_PLACE_DETAIL/01_place_detail.svg,change_collection_or_create_course
19,코스,코스 빈 상태,06_COURSE/01_courses_empty.svg,course_info
20,코스,내 코스·모임 코스 목록,06_COURSE/02_courses_list.svg,course_detail_or_create
21,코스 만들기,코스 기본 정보,06_COURSE/03_course_info.svg,place_selection
22,코스 만들기,저장한 장소 선택,06_COURSE/04_place_selection.svg,companion_choice
23,코스 만들기,함께 가는 코스 설정,06_COURSE/05_party_setup.svg,invite_or_add_places
24,코스 만들기,혼자 가는 코스 설정,06_COURSE/06_solo_setup.svg,ai_recommendation
25,코스 만들기,파티원 초대,06_COURSE/07_invite_modal.svg,invite_accept
26,코스 참여,초대 수락,06_COURSE/08_invite_accept.svg,party_course
27,코스 만들기,저장한 장소 추가,06_COURSE/09_add_saved_places.svg,ai_recommendation
28,코스 만들기,AI 추천·동선 검토,06_COURSE/10_ai_recommendation.svg,course_complete
29,코스 만들기,코스 생성 완료,06_COURSE/11_course_complete.svg,course_detail
30,코스,코스 상세·관리,06_COURSE/12_course_detail_manage.svg,edit_add_or_recommend
31,마이,프로필·설정,07_MY/01_profile.svg,settings
